http://www.seloger.com/annonces/achat/appartement/paris-19eme-75/place-des-fetes/104592631.htm?ci=750119&idtt=2&idtypebien=1,13,14,2,9&bd=Li_LienAnn_1
http://www.seloger.com/annonces/achat/appartement/paris-19eme-75/danube-porte-des-lilas/102015177.htm?ci=750119&idtt=2&idtypebien=1,13,14,2,9&bd=Li_LienAnn_1
http://www.seloger.com/annonces/achat/appartement/paris-19eme-75/bassin-de-la-villette/105149449.htm?ci=750119&idtt=2&idtypebien=1,13,14,2,9&bd=Li_LienAnn_1
http://www.seloger.com/annonces/achat/appartement/paris-19eme-75/secretan/102604205.htm?ci=750119&idtt=2&idtypebien=1,13,14,2,9&bd=Li_LienAnn_1
http://www.seloger.com/annonces/achat-de-prestige/maison/paris-19eme-75/buttes-chaumont/104983457.htm?ci=750119&idtt=2&idtypebien=1,13,14,2,9&bd=Li_LienAnn_1
http://www.seloger.com/annonces/achat/appartement/paris-19eme-75/bas-belleville/105101665.htm?ci=750119&idtt=2&idtypebien=1,13,14,2,9&bd=Li_LienAnn_1
http://www.seloger.com/annonces/achat/appartement/paris-19eme-75/bas-belleville/105115757.htm?ci=750119&idtt=2&idtypebien=1,13,14,2,9&bd=Li_LienAnn_1
http://www.seloger.com/annonces/achat/appartement/paris-19eme-75/manin-jaures/103355769.htm?ci=750119&idtt=2&idtypebien=1,13,14,2,9&bd=Li_LienAnn_1
http://www.seloger.com/annonces/achat/appartement/paris-19eme-75/secretan/103775153.htm?ci=750119&idtt=2&idtypebien=1,13,14,2,9&bd=Li_LienAnn_1
http://www.seloger.com/annonces/achat/appartement/paris-19eme-75/buttes-chaumont/104809035.htm?ci=750119&idtt=2&idtypebien=1,13,14,2,9&bd=Li_LienAnn_1
http://www.seloger.com/annonces/achat/appartement/paris-19eme-75/buttes-chaumont/103555647.htm?ci=750119&idtt=2&idtypebien=1,13,14,2,9&bd=Li_LienAnn_1
http://www.seloger.com/annonces/achat/appartement/paris-19eme-75/danube-porte-des-lilas/103537629.htm?ci=750119&idtt=2&idtypebien=1,13,14,2,9&bd=Li_LienAnn_1
http://www.selogerneuf.com/annonces/achat/appartement/paris-19eme-75/buttes-chaumont/89035809.htm?bd=Li_LienAnn_&cmp=INT053C-2
http://www.seloger.com/annonces/achat/appartement/paris-19eme-75/place-des-fetes/104842671.htm?ci=750119&idtt=2&idtypebien=1,13,14,2,9&bd=Li_LienAnn_1
http://www.seloger.com/annonces/achat/appartement/paris-19eme-75/buttes-chaumont/104824329.htm?ci=750119&idtt=2&idtypebien=1,13,14,2,9&bd=Li_LienAnn_1
http://www.seloger.com/annonces/achat/appartement/paris-19eme-75/buttes-chaumont/104862887.htm?ci=750119&idtt=2&idtypebien=1,13,14,2,9&bd=Li_LienAnn_1
http://www.bellesdemeures.com/annonces/achat-de-prestige/maison/paris-19eme-75/buttes-chaumont/104419905.htm?cmp=INT053-B-1
http://www.seloger.com/annonces/achat/appartement/paris-19eme-75/flandre-aubervilliers/103671755.htm?ci=750119&idtt=2&idtypebien=1,13,14,2,9&bd=Li_LienAnn_1
http://www.seloger.com/annonces/achat/appartement/paris-19eme-75/danube-porte-des-lilas/102676067.htm?ci=750119&idtt=2&idtypebien=1,13,14,2,9&bd=Li_LienAnn_1
http://www.seloger.com/annonces/achat/appartement/paris-19eme-75/flandre-aubervilliers/104994875.htm?ci=750119&idtt=2&idtypebien=1,13,14,2,9&bd=Li_LienAnn_1
http://www.seloger.com/annonces/achat/maison/paris-19eme-75/danube-porte-des-lilas/104908657.htm?ci=750119&idtt=2&idtypebien=1,13,14,2,9&listing-listpg=2&bd=Li_LienAnn_1
http://www.seloger.com/annonces/achat/appartement/paris-19eme-75/buttes-chaumont/102558719.htm?ci=750119&idtt=2&idtypebien=1,13,14,2,9&listing-listpg=2&bd=Li_LienAnn_1
http://www.seloger.com/annonces/achat/appartement/paris-19eme-75/buttes-chaumont/104510907.htm?ci=750119&idtt=2&idtypebien=1,13,14,2,9&listing-listpg=2&bd=Li_LienAnn_1
http://www.seloger.com/annonces/achat/appartement/paris-19eme-75/buttes-chaumont/104510361.htm?ci=750119&idtt=2&idtypebien=1,13,14,2,9&listing-listpg=2&bd=Li_LienAnn_1
http://www.seloger.com/annonces/achat/appartement/paris-19eme-75/bassin-de-la-villette/103513769.htm?ci=750119&idtt=2&idtypebien=1,13,14,2,9&listing-listpg=2&bd=Li_LienAnn_1
http://www.seloger.com/annonces/achat/appartement/paris-19eme-75/flandre-aubervilliers/103941261.htm?ci=750119&idtt=2&idtypebien=1,13,14,2,9&listing-listpg=2&bd=Li_LienAnn_1
http://www.seloger.com/annonces/achat/appartement/paris-19eme-75/103443653.htm?ci=750119&idtt=2&idtypebien=1,13,14,2,9&listing-listpg=2&bd=Li_LienAnn_1
http://www.seloger.com/annonces/achat/appartement/paris-19eme-75/103316273.htm?ci=750119&idtt=2&idtypebien=1,13,14,2,9&listing-listpg=2&bd=Li_LienAnn_1
http://www.seloger.com/annonces/achat/appartement/paris-19eme-75/danube-porte-des-lilas/103777989.htm?ci=750119&idtt=2&idtypebien=1,13,14,2,9&listing-listpg=2&bd=Li_LienAnn_1
http://www.seloger.com/annonces/achat/appartement/paris-19eme-75/buttes-chaumont/104771073.htm?ci=750119&idtt=2&idtypebien=1,13,14,2,9&listing-listpg=2&bd=Li_LienAnn_1
http://www.seloger.com/annonces/achat/appartement/paris-19eme-75/buttes-chaumont/103532665.htm?ci=750119&idtt=2&idtypebien=1,13,14,2,9&listing-listpg=2&bd=Li_LienAnn_1
http://www.seloger.com/annonces/achat/appartement/paris-19eme-75/secretan/104204801.htm?ci=750119&idtt=2&idtypebien=1,13,14,2,9&listing-listpg=2&bd=Li_LienAnn_1
http://www.seloger.com/annonces/achat/appartement/paris-19eme-75/buttes-chaumont/104582501.htm?ci=750119&idtt=2&idtypebien=1,13,14,2,9&listing-listpg=2&bd=Li_LienAnn_1
http://www.seloger.com/annonces/achat/appartement/paris-19eme-75/danube-porte-des-lilas/102952871.htm?ci=750119&idtt=2&idtypebien=1,13,14,2,9&listing-listpg=2&bd=Li_LienAnn_1
http://www.seloger.com/annonces/achat/appartement/paris-19eme-75/104705725.htm?ci=750119&idtt=2&idtypebien=1,13,14,2,9&listing-listpg=2&bd=Li_LienAnn_1
http://www.seloger.com/annonces/achat/appartement/paris-19eme-75/danube-porte-des-lilas/104082845.htm?ci=750119&idtt=2&idtypebien=1,13,14,2,9&listing-listpg=2&bd=Li_LienAnn_1
http://www.seloger.com/annonces/achat/appartement/paris-19eme-75/104265169.htm?ci=750119&idtt=2&idtypebien=1,13,14,2,9&listing-listpg=2&bd=Li_LienAnn_1
http://www.seloger.com/annonces/achat/appartement/paris-19eme-75/bas-belleville/104530897.htm?ci=750119&idtt=2&idtypebien=1,13,14,2,9&listing-listpg=2&bd=Li_LienAnn_1
http://www.seloger.com/annonces/achat/appartement/paris-19eme-75/manin-jaures/102899653.htm?ci=750119&idtt=2&idtypebien=1,13,14,2,9&listing-listpg=2&bd=Li_LienAnn_1
http://www.seloger.com/annonces/achat/appartement/paris-19eme-75/bassin-de-la-villette/103102445.htm?ci=750119&idtt=2&idtypebien=1,13,14,2,9&listing-listpg=3&bd=Li_LienAnn_1
http://www.seloger.com/annonces/achat/appartement/paris-19eme-75/manin-jaures/103445115.htm?ci=750119&idtt=2&idtypebien=1,13,14,2,9&listing-listpg=3&bd=Li_LienAnn_1
http://www.seloger.com/annonces/achat/appartement/paris-19eme-75/flandre-aubervilliers/104218735.htm?ci=750119&idtt=2&idtypebien=1,13,14,2,9&listing-listpg=3&bd=Li_LienAnn_1
http://www.seloger.com/annonces/achat/appartement/paris-19eme-75/104607179.htm?ci=750119&idtt=2&idtypebien=1,13,14,2,9&listing-listpg=3&bd=Li_LienAnn_1
http://www.seloger.com/annonces/achat/appartement/paris-19eme-75/buttes-chaumont/104830345.htm?ci=750119&idtt=2&idtypebien=1,13,14,2,9&listing-listpg=3&bd=Li_LienAnn_1
http://www.seloger.com/annonces/achat/appartement/paris-19eme-75/pont-de-flandre/104042675.htm?ci=750119&idtt=2&idtypebien=1,13,14,2,9&listing-listpg=3&bd=Li_LienAnn_1
http://www.seloger.com/annonces/achat/appartement/paris-19eme-75/manin-jaures/99971167.htm?ci=750119&idtt=2&idtypebien=1,13,14,2,9&listing-listpg=3&bd=Li_LienAnn_1
http://www.seloger.com/annonces/achat/appartement/paris-19eme-75/104607183.htm?ci=750119&idtt=2&idtypebien=1,13,14,2,9&listing-listpg=3&bd=Li_LienAnn_1
http://www.seloger.com/annonces/achat/appartement/paris-19eme-75/manin-jaures/105096907.htm?ci=750119&idtt=2&idtypebien=1,13,14,2,9&listing-listpg=3&bd=Li_LienAnn_1
http://www.seloger.com/annonces/achat/appartement/paris-19eme-75/buttes-chaumont/105008293.htm?ci=750119&idtt=2&idtypebien=1,13,14,2,9&listing-listpg=3&bd=Li_LienAnn_1
http://www.seloger.com/annonces/achat/appartement/paris-19eme-75/buttes-chaumont/103447341.htm?ci=750119&idtt=2&idtypebien=1,13,14,2,9&listing-listpg=3&bd=Li_LienAnn_1
http://www.seloger.com/annonces/achat/appartement/paris-19eme-75/secretan/104732491.htm?ci=750119&idtt=2&idtypebien=1,13,14,2,9&listing-listpg=3&bd=Li_LienAnn_1
http://www.seloger.com/annonces/achat-de-prestige/appartement/paris-19eme-75/buttes-chaumont/103445097.htm?ci=750119&idtt=2&idtypebien=1,13,14,2,9&listing-listpg=3&bd=Li_LienAnn_1
http://www.bellesdemeures.com/annonces/achat-de-prestige/maison/paris-19eme-75/danube-porte-des-lilas/105084491.htm?cmp=INT053-B-1
http://www.seloger.com/annonces/achat/maison/paris-19eme-75/danube-porte-des-lilas/100377383.htm?ci=750119&idtt=2&idtypebien=1,13,14,2,9&listing-listpg=3&bd=Li_LienAnn_1
http://www.seloger.com/annonces/achat/appartement/paris-19eme-75/bassin-de-la-villette/104876525.htm?ci=750119&idtt=2&idtypebien=1,13,14,2,9&listing-listpg=3&bd=Li_LienAnn_1
http://www.selogerneuf.com/annonces/achat/appartement/paris-19eme-75/flandre-aubervilliers/103576575.htm?bd=Li_LienAnn_&cmp=INT053C-2
http://www.seloger.com/annonces/achat/appartement/paris-19eme-75/pont-de-flandre/105167371.htm?ci=750119&idtt=2&idtypebien=1,13,14,2,9&listing-listpg=3&bd=Li_LienAnn_1
http://www.seloger.com/annonces/achat/appartement/paris-19eme-75/flandre-aubervilliers/105168707.htm?ci=750119&idtt=2&idtypebien=1,13,14,2,9&listing-listpg=3&bd=Li_LienAnn_1
http://www.seloger.com/annonces/achat/appartement/paris-19eme-75/pont-de-flandre/105128651.htm?ci=750119&idtt=2&idtypebien=1,13,14,2,9&listing-listpg=3&bd=Li_LienAnn_1
http://www.selogerneuf.com/annonces/achat/appartement/paris-19eme-75/flandre-aubervilliers/100669731.htm?bd=Li_LienAnn_&cmp=INT053C-2
http://www.selogerneuf.com/annonces/investissement/appartement/paris-19eme-75/flandre-aubervilliers/102022449.htm?bd=Li_LienAnn_&cmp=INT053C-2
http://www.selogerneuf.com/annonces/achat/appartement/paris-19eme-75/flandre-aubervilliers/102022443.htm?bd=Li_LienAnn_&cmp=INT053C-2
http://www.selogerneuf.com/annonces/achat/appartement/paris-19eme-75/flandre-aubervilliers/102639119.htm?bd=Li_LienAnn_&cmp=INT053C-2
http://www.seloger.com/annonces/achat/appartement/paris-19eme-75/buttes-chaumont/104848393.htm?ci=750119&idtt=2&idtypebien=1,13,14,2,9&listing-listpg=4&bd=Li_LienAnn_1
http://www.selogerneuf.com/annonces/achat/appartement/paris-19eme-75/flandre-aubervilliers/102410571.htm?bd=Li_LienAnn_&cmp=INT053C-2
http://www.selogerneuf.com/annonces/achat/appartement/paris-19eme-75/flandre-aubervilliers/102410569.htm?bd=Li_LienAnn_&cmp=INT053C-2
http://www.selogerneuf.com/annonces/achat/appartement/paris-19eme-75/flandre-aubervilliers/102359947.htm?bd=Li_LienAnn_&cmp=INT053C-2
http://www.selogerneuf.com/annonces/achat/appartement/paris-19eme-75/flandre-aubervilliers/102440373.htm?bd=Li_LienAnn_&cmp=INT053C-2
http://www.selogerneuf.com/annonces/achat/appartement/paris-19eme-75/flandre-aubervilliers/102395601.htm?bd=Li_LienAnn_&cmp=INT053C-2
http://www.seloger.com/annonces/achat/appartement/paris-19eme-75/manin-jaures/105096683.htm?ci=750119&idtt=2&idtypebien=1,13,14,2,9&listing-listpg=4&bd=Li_LienAnn_1
http://www.selogerneuf.com/annonces/achat/appartement/paris-19eme-75/flandre-aubervilliers/102359945.htm?bd=Li_LienAnn_&cmp=INT053C-2
http://www.selogerneuf.com/annonces/achat/appartement/paris-19eme-75/flandre-aubervilliers/102359951.htm?bd=Li_LienAnn_&cmp=INT053C-2
http://www.selogerneuf.com/annonces/investissement/appartement/paris-19eme-75/flandre-aubervilliers/100669743.htm?bd=Li_LienAnn_&cmp=INT053C-2
http://www.selogerneuf.com/annonces/achat/appartement/paris-19eme-75/flandre-aubervilliers/102359955.htm?bd=Li_LienAnn_&cmp=INT053C-2
http://www.selogerneuf.com/annonces/achat/appartement/paris-19eme-75/flandre-aubervilliers/102359957.htm?bd=Li_LienAnn_&cmp=INT053C-2
http://www.selogerneuf.com/annonces/investissement/appartement/paris-19eme-75/bassin-de-la-villette/95119809.htm?bd=Li_LienAnn_&cmp=INT053C-2
http://www.selogerneuf.com/annonces/achat/appartement/paris-19eme-75/flandre-aubervilliers/102054225.htm?bd=Li_LienAnn_&cmp=INT053C-2
http://www.seloger.com/annonces/achat/appartement/paris-19eme-75/pont-de-flandre/103125341.htm?ci=750119&idtt=2&idtypebien=1,13,14,2,9&listing-listpg=4&bd=Li_LienAnn_1
http://www.selogerneuf.com/annonces/achat/appartement/paris-19eme-75/flandre-aubervilliers/102359959.htm?bd=Li_LienAnn_&cmp=INT053C-2


